[
    {
        "key": "VMBlueprintServerRole",
        "dataType": "string",
        "isRequired": true,
        "defaultValue": "DMWorkspace_Default"
    },
    {
        "key": "SubnetRange",
        "dataType": "string",
        "isRequired": true
    } 
    ,
    {
        "key": "DataDiskCount",
        "dataType": "int",
        "isRequired": true,
        "defaultValue": 2
    } 
    ,
    {
        "key": "DataDiskSize",
        "dataType": "int",
        "isRequired": true,
        "defaultValue": 200
    } 
    ,
    {
        "key": "VMSize",
        "dataType": "string",
        "isRequired": true,
        "defaultValue": "Standard_DS2_v2"
    } 
    ,
    {
        "key": "VMCount",
        "dataType": "int",
        "isRequired": true,
        "defaultValue": 1
    } 
]