{
    "variables": {
        "virtual-machine": {
            "hours": {
                "dataType": "int",
                "defaultValue": 730
            }
        }
    },
    "virtual-machine": {
        "Workspace VM": {
            "operatingSystem": "windows",
            "sku": "d2v3",
            "tier": "standard",
            "region": "us-east",
            "installedSoftware": [
                "Power BI Desktop",
                "Azure Storage Explorer"
            ]
        }
    },
    "managed-disk": {
        "Workspace VM": {
            "sku": "e10",
            "tier": "standardssd",
            "redundancy": "lrs",
            "region": "us-east"
        }
    }
}