{
    "$schema": "https://schema.management.azure.com/schemas/2018-05-01/subscriptionDeploymentTemplate.json#",
    "contentVersion": "1.0.0.0",
    "parameters": {
        "settingName": {
            "type": "string",
            "defaultValue": "datadog-activity-logs-diagnostic-setting",
            "metadata": {
                "description": "The name of the diagnostic setting"
            }
        },
        "resourceGroup": {
            "type": "string",
            "metadata": {
                "description": "Name of the Resource Group of the EventHub"
            }
        },
        "eventHubNamespace": {
            "type": "string",
            "defaultValue": "datadog-eventhub-namespace",
            "metadata": {
                "description": "Name of EventHub namespace"
            }
        },
        "eventHubName": {
            "type": "string",
            "defaultValue": "datadog-eventhub",
            "metadata": {
                "description": "Name of the EventHub to which the Activity logs will be sent."
            }
        }
    },
    "variables": {
        "subscriptionId": "[subscription().subscriptionId]",
        "eventHubAuthorizationRuleId": "[concat('/subscriptions/', variables('subscriptionId'), '/resourceGroups/', parameters('resourceGroup'), '/providers/Microsoft.EventHub/namespaces/', parameters('eventHubNamespace'), '/authorizationRules/RootManageSharedAccessKey')]"
    },
    "resources": [
        {
            "type": "Microsoft.Insights/diagnosticSettings",
            "apiVersion": "2017-05-01-preview",
            "name": "[parameters('settingName')]",
            "properties": {
                "eventHubAuthorizationRuleId": "[variables('eventHubAuthorizationRuleId')]",
                "eventHubName": "[parameters('eventHubName')]",
                "logs": [
                    {
                        "category": "Administrative",
                        "enabled": true
                    },
                    {
                        "category": "Security",
                        "enabled": true
                    },
                    {
                        "category": "ServiceHealth",
                        "enabled": true
                    },
                    {
                        "category": "Alert",
                        "enabled": true
                    },
                    {
                        "category": "Recommendation",
                        "enabled": true
                    },
                    {
                        "category": "Policy",
                        "enabled": true
                    },
                    {
                        "category": "Autoscale",
                        "enabled": true
                    },
                    {
                        "category": "ResourceHealth",
                        "enabled": true
                    }
                ]
            }
        }
    ]
}