{
    "variables": {       
        "storage-account": {
            "capacityGb": {
                "dataType": "int",
                "defaultValue": 1000
            }
        }
    },
    "storage-account": {
        "CCI Data Repo": {
            "type": "data-lake",
            "performanceTier": "standard",
            "storageAccountType": "general-purpose-v2",
            "redundancy": "lrs",
            "accessTier": "hot",
            "fileStructure": "structured",
            "region": "us-east"
        }
    }
}